{
  "interactions": [
    {
      "id": "MOCK_NBI_EE_A_E_AO_001",
      "score": 0.29,
      "rank": 1,
      "hash": "ed1261076e77ce4bb22b9f80bab14775aa42aa5e8ec0c5917a0206487f372618",
      "nbiType": "Actionable Reco tip",
      "nbiFamily": "EE",
      "applianceId": "8",
      "fuelType": "ELECTRIC",
      "insight": {
        "id": "MOCK_I_SLF_E_AO_003",
        "score": 0.123,
        "values": {
          "Value": "",
          "UoM": "",
          "date": ""
        }
      },
      "action": {
        "id": "MOCK_T-E-AO-001",
        "score": 0.315
      }
    },
    {
      "id": "MOCK_NBI_EE_A_E_AO_009",
      "score": 0.391,
      "rank": 2,
      "hash": "55eb7d47deafdfc3f8c5272c019ad8f851775337f2dee91877bb736faebf8b65",
      "nbiType": "Actionable Reco tip",
      "nbiFamily": "EE",
      "applianceId": "8",
      "fuelType": "ELECTRIC",
      "insight": {
        "id": "MOCK_I_SLF_E_AO_003",
        "score": 0.25,
        "values": {
          "Value": "",
          "UoM": "",
          "date": ""
        }
      },
      "action": {
        "id": "MOCK_T-E-AO-002",
        "score": 0.435
      }
    },
    {
      "id": "MOCK_NBI_EE_A_E_AO_013",
      "score": 0.45,
      "rank": 3,
      "hash": "5c0bad5edf6f576f54bbb79c2574833cbd5f17c7e4988a3613cbc78175317851",
      "nbiType": "Actionable Reco tip",
      "nbiFamily": "EE",
      "applianceId": "8",
      "fuelType": "ELECTRIC",
      "insight": {
        "id": "MOCK_I_SLF_E_AO_003",
        "score": 0.365,
        "values": {
          "Value": "",
          "UoM": "",
          "date": ""
        }
      },
      "action": {
        "id": "MOCK_T-E-AO-003",
        "score": 0.307
      }
    },
    {
      "id": "MOCK_NBI_EE_A_E_AO_021",
      "score": 0.173,
      "rank": 4,
      "hash": "17d718299132c2dd2fd7feb65ce46a308e96498f795d8cbe2321f84c50e5ff72",
      "nbiType": "Actionable Reco tip",
      "nbiFamily": "EE",
      "applianceId": "8",
      "fuelType": "ELECTRIC",
      "insight": {
        "id": "MOCK_I_SLF_E_AO_003",
        "score": 0.344,
        "values": {
          "Value": "",
          "UoM": "",
          "date": ""
        }
      },
      "action": {
        "id": "MOCK_T-E-AO-005",
        "score": 0.114
      }
    },
    {
      "id": "MOCK_NBI_EE_A_E_CK_001",
      "score": 0.23,
      "rank": 5,
      "hash": "22a70eb70a963ebd081563d81625844396e3bb7efb1403a654cfe268e606fcca",
      "nbiType": "Actionable Reco tip",
      "nbiFamily": "EE",
      "applianceId": "5",
      "fuelType": "ELECTRIC",
      "insight": {
        "id": "MOCK_I_BLL_E_TE_001",
        "score": 0.365,
        "values": {
          "Value": "",
          "UoM": "",
          "date": ""
        }
      },
      "action": {
        "id": "MOCK_T-E-CK-001",
        "score": 0.377
      }
    },
    {
      "id": "MOCK_NBI_EE_A_E_CK_005",
      "score": 0.337,
      "rank": 6,
      "hash": "8b6e5c8bcf8e57fa0ad232b0244d805a2a9a58ba58b6e2757c1bcd5c1cb7928b",
      "nbiType": "Actionable Reco tip",
      "nbiFamily": "EE",
      "applianceId": "5",
      "fuelType": "ELECTRIC",
      "insight": {
        "id": "MOCK_I_BLL_E_TE_001",
        "score": 0.103,
        "values": {
          "Value": "",
          "UoM": "",
          "date": ""
        }
      },
      "action": {
        "id": "MOCK_T-E-CK-002",
        "score": 0.15
      }
    },
    {
      "id": "MOCK_NBI_EE_A_E_CK_009",
      "score": 0.326,
      "rank": 7,
      "hash": "2cfe6a4afc79f3f64f83bbcf256c9a7fc626c0d92836a0ca1c7be2cb3cf6dcb6",
      "nbiType": "Actionable Reco tip",
      "nbiFamily": "EE",
      "applianceId": "5",
      "fuelType": "ELECTRIC",
      "insight": {
        "id": "MOCK_I_BLL_E_TE_001",
        "score": 0.213,
        "values": {
          "Value": "",
          "UoM": "",
          "date": ""
        }
      },
      "action": {
        "id": "MOCK_T-E-CK-003",
        "score": 0.283
      }
    },
    {
      "id": "MOCK_NBI_EE_A_E_CK_013",
      "score": 0.221,
      "rank": 8,
      "hash": "ecb17c365294fb361359932d28e4290122059d3144075fce0d3d8f1cd3cceebc",
      "nbiType": "Actionable Reco tip",
      "nbiFamily": "EE",
      "applianceId": "5",
      "fuelType": "ELECTRIC",
      "insight": {
        "id": "MOCK_I_BLL_E_TE_001",
        "score": 0.119,
        "values": {
          "Value": "",
          "UoM": "",
          "date": ""
        }
      },
      "action": {
        "id": "MOCK_T-E-CK-004",
        "score": 0.256
      }
    },
    {
      "id": "MOCK_NBI_EE_A_E_CK_017",
      "score": 0.11,
      "rank": 9,
      "hash": "eded69df100d58671130c6fdee19514e64e38207dad0a3cfd38682401d4f7eb8",
      "nbiType": "Actionable Reco tip",
      "nbiFamily": "EE",
      "applianceId": "5",
      "fuelType": "ELECTRIC",
      "insight": {
        "id": "MOCK_I_BLL_E_TE_001",
        "score": 0.226,
        "values": {
          "Value": "",
          "UoM": "",
          "date": ""
        }
      },
      "action": {
        "id": "MOCK_T-E-CK-005",
        "score": 0.415
      }
    },
    {
      "id": "MOCK_NBI_EE_A_E_CK_021",
      "score": 0.252,
      "rank": 10,
      "hash": "5147f9097dbe74aaa28b82e260c7fc89dffeca67460853e4b0f9065d7c621c00",
      "nbiType": "Actionable Reco tip",
      "nbiFamily": "EE",
      "applianceId": "5",
      "fuelType": "ELECTRIC",
      "insight": {
        "id": "MOCK_I_BLL_E_TE_001",
        "score": 0.347,
        "values": {
          "Value": "",
          "UoM": "",
          "date": ""
        }
      },
      "action": {
        "id": "MOCK_T-E-CK-006",
        "score": 0.259
      }
    },
    {
      "id": "MOCK_NBI_EE_A_E_CK_025",
      "score": 0.432,
      "rank": 11,
      "hash": "c15bc8098eca73a9f273addcc838adcf14ee5b9c48d22f5aa830fa86c917cc2c",
      "nbiType": "Actionable Reco tip",
      "nbiFamily": "EE",
      "applianceId": "5",
      "fuelType": "ELECTRIC",
      "insight": {
        "id": "MOCK_I_BLL_E_TE_001",
        "score": 0.352,
        "values": {
          "Value": "",
          "UoM": "",
          "date": ""
        }
      },
      "action": {
        "id": "MOCK_T-E-CK-007",
        "score": 0.129
      }
    },
    {
      "id": "MOCK_NBI_EE_A_E_AO_025",
      "score": 0.293,
      "rank": 12,
      "hash": "1032f3d0a7fe60924d1fdc9f6a593eee61dbe1e2f4d7da3b44711fd03dc3fe8c",
      "nbiType": "Actionable Reco tip",
      "nbiFamily": "EE",
      "applianceId": "8",
      "fuelType": "ELECTRIC",
      "insight": {
        "id": "MOCK_I_SLF_E_AO_002",
        "score": 0.302,
        "values": {
          "Value": "",
          "UoM": "",
          "date": ""
        }
      },
      "action": {
        "id": "MOCK_A_A_E_AO_001",
        "score": 0.129
      }
    },
    {
      "id": "MOCK_NBI_EE_A_E_AO_026",
      "score": 0.435,
      "rank": 13,
      "hash": "d4cf01fd2b8213043c673c4cb4550eaaeb25c49fdbebdb48311149f849cbd846",
      "nbiType": "Actionable Reco tip",
      "nbiFamily": "EE",
      "applianceId": "8",
      "fuelType": "ELECTRIC",
      "insight": {
        "id": "MOCK_I_SLF_E_AO_002",
        "score": 0.352,
        "values": {
          "Value": "",
          "UoM": "",
          "date": ""
        }
      },
      "action": {
        "id": "MOCK_A_A_E_AO_002",
        "score": 0.454
      }
    },
    {
      "id": "MOCK_I_AC_01_T-E-S-AC-001",
      "score": 0.104,
      "rank": 14,
      "hash": "ea2d23ef8aeed2b575880d76e6a79af033c46d623a925128cc40f5b863c63158",
      "nbiType": "SummerSeasonal",
      "nbiFamily": "EE",
      "applianceId": "4",
      "fuelType": "ELECTRIC",
      "insight": {
        "id": "MOCK_I_AC_01",
        "score": 0.312,
        "values": {
          "Value": "",
          "UoM": "",
          "date": ""
        }
      },
      "action": {
        "id": "MOCK_T-E-S-AC-001",
        "score": 0.404
      }
    },
    {
      "id": "MOCK_I_AC_01_T-E-S-AC-002",
      "score": 0.154,
      "rank": 15,
      "hash": "a283a7314f0bd6f52bbce1de6dd2e90f850ec62ee205594627d6636619ad9844",
      "nbiType": "SummerSeasonal",
      "nbiFamily": "EE",
      "applianceId": "4",
      "fuelType": "ELECTRIC",
      "insight": {
        "id": "MOCK_I_AC_01",
        "score": 0.401,
        "values": {
          "Value": "",
          "UoM": "",
          "date": ""
        }
      },
      "action": {
        "id": "MOCK_T-E-S-AC-002",
        "score": 0.425
      }
    },
    {
      "id": "MOCK_I_AC_01_T-E-S-AC-003",
      "score": 0.445,
      "rank": 16,
      "hash": "708049479d494fa0636608fb67210478f649250ab8957c486a63b01aabb0e37b",
      "nbiType": "SummerSeasonal",
      "nbiFamily": "EE",
      "applianceId": "4",
      "fuelType": "ELECTRIC",
      "insight": {
        "id": "MOCK_I_AC_01",
        "score": 0.456,
        "values": {
          "Value": "",
          "UoM": "",
          "date": ""
        }
      },
      "action": {
        "id": "MOCK_T-E-S-AC-003",
        "score": 0.128
      }
    },
    {
      "id": "MOCK_I_SH_01_T-E-N-AC-001",
      "score": 0.196,
      "rank": 17,
      "hash": "ea081114c7789365541385aa8691291d30c08455daff04fb411aa30309c67bfd",
      "nbiType": "SummerProgram",
      "nbiFamily": "EE",
      "applianceId": "4",
      "fuelType": "ELECTRIC",
      "insight": {
        "id": "MOCK_I_EDU_G_YY_002",
        "score": 0.498,
        "values": {
          "Value": "",
          "UoM": "",
          "date": ""
        }
      },
      "action": {
        "id": "MOCK_T-E-N-AC-001",
        "score": 0.348
      }
    },
    {
      "id": "MOCK_I_SH_01_T-E-N-AC-002",
      "score": 0.223,
      "rank": 18,
      "hash": "362cd56fed6eefc82e35691f53ff2deb8f9ecfad21bd806bf082c32357b16c1f",
      "nbiType": "SummerProgram",
      "nbiFamily": "EE",
      "applianceId": "4",
      "fuelType": "ELECTRIC",
      "insight": {
        "id": "MOCK_I_EDU_G_YY_002",
        "score": 0.433,
        "values": {
          "Value": "",
          "UoM": "",
          "date": ""
        }
      },
      "action": {
        "id": "MOCK_T-E-N-AC-002",
        "score": 0.422
      }
    },
    {
      "id": "MOCK_I_SH_01_T-E-N-AC-003",
      "score": 0.405,
      "rank": 19,
      "hash": "b79513dd0486a9b205773c7b78af28099b3a1e11ba848bc4fd75b16a25c91bcd",
      "nbiType": "SummerProgram",
      "nbiFamily": "EE",
      "applianceId": "4",
      "fuelType": "ELECTRIC",
      "insight": {
        "id": "MOCK_I_EDU_G_YY_002",
        "score": 0.173,
        "values": {
          "Value": "",
          "UoM": "",
          "date": ""
        }
      },
      "action": {
        "id": "MOCK_T-E-N-AC-003",
        "score": 0.316
      }
    }
  ],
  "nbi_delivery_helper_dict": {
    "billing_info": {
      "last_electric_billing_cycle_info": {
        "last_billing_start": 1735632000,
        "last_billing_end": 1738310400
      },
      "last_gas_billing_cycle_info": {
        "last_billing_start": -1,
        "last_billing_end": -1
      }
    }
  }
}